earth-small;1;1;1;1;1;0.68
earth-small;1;1;1;1;1;0.68
earth-small;1;1;1;1;2;0.66
earth-small;1;1;1;1;1;0.68
earth-small;1;1;1;1;2;0.66
earth-small;1;1;1;1;3;0.67
earth-small;16;4;4;1;1;1.70
earth-small;16;4;4;1;1;1.70
earth-small;16;4;4;1;2;1.55
earth-small;1;1;1;1;1;0.68
earth-small;1;1;1;1;2;0.66
earth-small;1;1;1;1;3;0.67
earth-medium;1;1;1;1;1;2.42
earth-small;16;4;4;1;1;1.70
earth-small;16;4;4;1;2;1.55
earth-small;16;4;4;1;3;1.59
earth-small;1;1;1;1;1;0.68
earth-small;1;1;1;1;2;0.66
earth-small;1;1;1;1;3;0.67
earth-medium;1;1;1;1;1;2.42
earth-medium;1;1;1;1;2;2.42
earth-small;1;1;1;1;1;0.68
earth-small;1;1;1;1;2;0.66
earth-small;1;1;1;1;3;0.67
earth-medium;1;1;1;1;1;2.42
earth-medium;1;1;1;1;2;2.42
earth-medium;1;1;1;1;3;2.45
earth-small;16;4;4;1;1;1.70
earth-small;16;4;4;1;2;1.55
earth-small;16;4;4;1;3;1.59
earth-medium;16;4;4;1;1;4.64
earth-small;16;4;4;1;1;1.70
earth-small;16;4;4;1;2;1.55
earth-small;16;4;4;1;3;1.59
earth-medium;16;4;4;1;1;4.64
earth-medium;16;4;4;1;2;4.78
earth-small;16;4;4;1;1;1.70
earth-small;16;4;4;1;2;1.55
earth-small;16;4;4;1;3;1.59
earth-medium;16;4;4;1;1;4.64
earth-medium;16;4;4;1;2;4.78
earth-medium;16;4;4;1;3;4.80
earth-small;16;4;4;1;1;1.70
earth-small;16;4;4;1;2;1.55
earth-small;16;4;4;1;3;1.59
earth-medium;16;4;4;1;1;4.64
earth-medium;16;4;4;1;2;4.78
earth-medium;16;4;4;1;3;4.80
earth-large;16;4;4;1;1;16.53
earth-small;16;4;4;1;1;1.70
earth-small;16;4;4;1;2;1.55
earth-small;16;4;4;1;3;1.59
earth-medium;16;4;4;1;1;4.64
earth-medium;16;4;4;1;2;4.78
earth-medium;16;4;4;1;3;4.80
earth-large;16;4;4;1;1;16.53
earth-large;16;4;4;1;2;16.46
earth-small;16;4;4;1;1;1.70
earth-small;16;4;4;1;2;1.55
earth-small;16;4;4;1;3;1.59
earth-medium;16;4;4;1;1;4.64
earth-medium;16;4;4;1;2;4.78
earth-medium;16;4;4;1;3;4.80
earth-large;16;4;4;1;1;16.53
earth-large;16;4;4;1;2;16.46
earth-large;16;4;4;1;3;16.56
earth-small;16;4;4;1;1;1.70
earth-small;16;4;4;1;2;1.55
earth-small;16;4;4;1;3;1.59
earth-medium;16;4;4;1;1;4.64
earth-medium;16;4;4;1;2;4.78
earth-medium;16;4;4;1;3;4.80
earth-large;16;4;4;1;1;16.53
earth-large;16;4;4;1;2;16.46
earth-large;16;4;4;1;3;16.56
earth-xlarge;16;4;4;1;1;24.91
earth-small;1;1;1;1;1;0.68
earth-small;1;1;1;1;2;0.66
earth-small;1;1;1;1;3;0.67
earth-medium;1;1;1;1;1;2.42
earth-medium;1;1;1;1;2;2.42
earth-medium;1;1;1;1;3;2.45
earth-small;1;1;1;2000;1;95.80
earth-small;16;4;4;1;1;1.70
earth-small;16;4;4;1;2;1.55
earth-small;16;4;4;1;3;1.59
earth-medium;16;4;4;1;1;4.64
earth-medium;16;4;4;1;2;4.78
earth-medium;16;4;4;1;3;4.80
earth-large;16;4;4;1;1;16.53
earth-large;16;4;4;1;2;16.46
earth-large;16;4;4;1;3;16.56
earth-xlarge;16;4;4;1;1;24.91
earth-xlarge;16;4;4;1;2;24.20
earth-small;16;4;4;1;1;1.70
earth-small;16;4;4;1;2;1.55
earth-small;16;4;4;1;3;1.59
earth-medium;16;4;4;1;1;4.64
earth-medium;16;4;4;1;2;4.78
earth-medium;16;4;4;1;3;4.80
earth-large;16;4;4;1;1;16.53
earth-large;16;4;4;1;2;16.46
earth-large;16;4;4;1;3;16.56
earth-xlarge;16;4;4;1;1;24.91
earth-xlarge;16;4;4;1;2;24.20
earth-xlarge;16;4;4;1;3;22.97
earth-small;16;4;4;1;1;1.70
earth-small;16;4;4;1;2;1.55
earth-small;16;4;4;1;3;1.59
earth-medium;16;4;4;1;1;4.64
earth-medium;16;4;4;1;2;4.78
earth-medium;16;4;4;1;3;4.80
earth-large;16;4;4;1;1;16.53
earth-large;16;4;4;1;2;16.46
earth-large;16;4;4;1;3;16.56
earth-xlarge;16;4;4;1;1;24.91
earth-xlarge;16;4;4;1;2;24.20
earth-xlarge;16;4;4;1;3;22.97
earth-small;16;4;4;2000;1;22.35
earth-small;16;4;4;1;1;1.70
earth-small;16;4;4;1;2;1.55
earth-small;16;4;4;1;3;1.59
earth-medium;16;4;4;1;1;4.64
earth-medium;16;4;4;1;2;4.78
earth-medium;16;4;4;1;3;4.80
earth-large;16;4;4;1;1;16.53
earth-large;16;4;4;1;2;16.46
earth-large;16;4;4;1;3;16.56
earth-xlarge;16;4;4;1;1;24.91
earth-xlarge;16;4;4;1;2;24.20
earth-xlarge;16;4;4;1;3;22.97
earth-small;16;4;4;2000;1;22.35
earth-small;16;4;4;2000;2;22.12
earth-small;1;1;1;1;1;0.68
earth-small;1;1;1;1;2;0.66
earth-small;1;1;1;1;3;0.67
earth-medium;1;1;1;1;1;2.42
earth-medium;1;1;1;1;2;2.42
earth-medium;1;1;1;1;3;2.45
earth-small;1;1;1;2000;1;95.80
earth-small;1;1;1;2000;2;95.72
earth-small;16;4;4;1;1;1.70
earth-small;16;4;4;1;2;1.55
earth-small;16;4;4;1;3;1.59
earth-medium;16;4;4;1;1;4.64
earth-medium;16;4;4;1;2;4.78
earth-medium;16;4;4;1;3;4.80
earth-large;16;4;4;1;1;16.53
earth-large;16;4;4;1;2;16.46
earth-large;16;4;4;1;3;16.56
earth-xlarge;16;4;4;1;1;24.91
earth-xlarge;16;4;4;1;2;24.20
earth-xlarge;16;4;4;1;3;22.97
earth-small;16;4;4;2000;1;22.35
earth-small;16;4;4;2000;2;22.12
earth-small;16;4;4;2000;3;18.07
earth-small;16;4;4;1;1;1.70
earth-small;16;4;4;1;2;1.55
earth-small;16;4;4;1;3;1.59
earth-medium;16;4;4;1;1;4.64
earth-medium;16;4;4;1;2;4.78
earth-medium;16;4;4;1;3;4.80
earth-large;16;4;4;1;1;16.53
earth-large;16;4;4;1;2;16.46
earth-large;16;4;4;1;3;16.56
earth-xlarge;16;4;4;1;1;24.91
earth-xlarge;16;4;4;1;2;24.20
earth-xlarge;16;4;4;1;3;22.97
earth-small;16;4;4;2000;1;22.35
earth-small;16;4;4;2000;2;22.12
earth-small;16;4;4;2000;3;18.07
earth-medium;16;4;4;2000;1;74.28
earth-small;1;1;1;1;1;0.68
earth-small;1;1;1;1;2;0.66
earth-small;1;1;1;1;3;0.67
earth-medium;1;1;1;1;1;2.42
earth-medium;1;1;1;1;2;2.42
earth-medium;1;1;1;1;3;2.45
earth-small;1;1;1;2000;1;95.80
earth-small;1;1;1;2000;2;95.72
earth-small;1;1;1;2000;3;95.97
earth-small;16;4;4;1;1;1.70
earth-small;16;4;4;1;2;1.55
earth-small;16;4;4;1;3;1.59
earth-medium;16;4;4;1;1;4.64
earth-medium;16;4;4;1;2;4.78
earth-medium;16;4;4;1;3;4.80
earth-large;16;4;4;1;1;16.53
earth-large;16;4;4;1;2;16.46
earth-large;16;4;4;1;3;16.56
earth-xlarge;16;4;4;1;1;24.91
earth-xlarge;16;4;4;1;2;24.20
earth-xlarge;16;4;4;1;3;22.97
earth-small;16;4;4;2000;1;22.35
earth-small;16;4;4;2000;2;22.12
earth-small;16;4;4;2000;3;18.07
earth-medium;16;4;4;2000;1;74.28
earth-medium;16;4;4;2000;2;76.61
earth-small;16;4;4;1;1;1.70
earth-small;16;4;4;1;2;1.55
earth-small;16;4;4;1;3;1.59
earth-medium;16;4;4;1;1;4.64
earth-medium;16;4;4;1;2;4.78
earth-medium;16;4;4;1;3;4.80
earth-large;16;4;4;1;1;16.53
earth-large;16;4;4;1;2;16.46
earth-large;16;4;4;1;3;16.56
earth-xlarge;16;4;4;1;1;24.91
earth-xlarge;16;4;4;1;2;24.20
earth-xlarge;16;4;4;1;3;22.97
earth-small;16;4;4;2000;1;22.35
earth-small;16;4;4;2000;2;22.12
earth-small;16;4;4;2000;3;18.07
earth-medium;16;4;4;2000;1;74.28
earth-medium;16;4;4;2000;2;76.61
earth-medium;16;4;4;2000;3;78.66
earth-small;1;1;1;1;1;0.68
earth-small;1;1;1;1;2;0.66
earth-small;1;1;1;1;3;0.67
earth-medium;1;1;1;1;1;2.42
earth-medium;1;1;1;1;2;2.42
earth-medium;1;1;1;1;3;2.45
earth-small;1;1;1;2000;1;95.80
earth-small;1;1;1;2000;2;95.72
earth-small;1;1;1;2000;3;95.97
earth-medium;1;1;1;2000;1;382.34
earth-small;16;4;4;1;1;1.70
earth-small;16;4;4;1;2;1.55
earth-small;16;4;4;1;3;1.59
earth-medium;16;4;4;1;1;4.64
earth-medium;16;4;4;1;2;4.78
earth-medium;16;4;4;1;3;4.80
earth-large;16;4;4;1;1;16.53
earth-large;16;4;4;1;2;16.46
earth-large;16;4;4;1;3;16.56
earth-xlarge;16;4;4;1;1;24.91
earth-xlarge;16;4;4;1;2;24.20
earth-xlarge;16;4;4;1;3;22.97
earth-small;16;4;4;2000;1;22.35
earth-small;16;4;4;2000;2;22.12
earth-small;16;4;4;2000;3;18.07
earth-medium;16;4;4;2000;1;74.28
earth-medium;16;4;4;2000;2;76.61
earth-medium;16;4;4;2000;3;78.66
earth-large;16;4;4;2000;1;285.88
earth-small;16;4;4;1;1;1.70
earth-small;16;4;4;1;2;1.55
earth-small;16;4;4;1;3;1.59
earth-medium;16;4;4;1;1;4.64
earth-medium;16;4;4;1;2;4.78
earth-medium;16;4;4;1;3;4.80
earth-large;16;4;4;1;1;16.53
earth-large;16;4;4;1;2;16.46
earth-large;16;4;4;1;3;16.56
earth-xlarge;16;4;4;1;1;24.91
earth-xlarge;16;4;4;1;2;24.20
earth-xlarge;16;4;4;1;3;22.97
earth-small;16;4;4;2000;1;22.35
earth-small;16;4;4;2000;2;22.12
earth-small;16;4;4;2000;3;18.07
earth-medium;16;4;4;2000;1;74.28
earth-medium;16;4;4;2000;2;76.61
earth-medium;16;4;4;2000;3;78.66
earth-large;16;4;4;2000;1;285.88
earth-large;16;4;4;2000;2;279.06
earth-small;1;1;1;1;1;0.68
earth-small;1;1;1;1;2;0.66
earth-small;1;1;1;1;3;0.67
earth-medium;1;1;1;1;1;2.42
earth-medium;1;1;1;1;2;2.42
earth-medium;1;1;1;1;3;2.45
earth-small;1;1;1;2000;1;95.80
earth-small;1;1;1;2000;2;95.72
earth-small;1;1;1;2000;3;95.97
earth-medium;1;1;1;2000;1;382.34
earth-medium;1;1;1;2000;2;382.02
earth-small;32;8;4;1;1;1.63
earth-small;32;8;4;1;1;1.63
earth-small;32;8;4;1;2;1.19
earth-small;32;8;4;1;1;1.63
earth-small;32;8;4;1;2;1.19
earth-small;32;8;4;1;3;1.33
earth-small;32;8;4;1;1;1.63
earth-small;32;8;4;1;2;1.19
earth-small;32;8;4;1;3;1.33
earth-medium;32;8;4;1;1;3.57
earth-small;32;8;4;1;1;1.63
earth-small;32;8;4;1;2;1.19
earth-small;32;8;4;1;3;1.33
earth-medium;32;8;4;1;1;3.57
earth-medium;32;8;4;1;2;3.43
earth-small;32;8;4;1;1;1.63
earth-small;32;8;4;1;2;1.19
earth-small;32;8;4;1;3;1.33
earth-medium;32;8;4;1;1;3.57
earth-medium;32;8;4;1;2;3.43
earth-medium;32;8;4;1;3;3.18
earth-small;32;8;4;1;1;1.63
earth-small;32;8;4;1;2;1.19
earth-small;32;8;4;1;3;1.33
earth-medium;32;8;4;1;1;3.57
earth-medium;32;8;4;1;2;3.43
earth-medium;32;8;4;1;3;3.18
earth-large;32;8;4;1;1;10.83
earth-small;32;8;4;1;1;1.63
earth-small;32;8;4;1;2;1.19
earth-small;32;8;4;1;3;1.33
earth-medium;32;8;4;1;1;3.57
earth-medium;32;8;4;1;2;3.43
earth-medium;32;8;4;1;3;3.18
earth-large;32;8;4;1;1;10.83
earth-large;32;8;4;1;2;10.85
earth-small;32;8;4;1;1;1.63
earth-small;32;8;4;1;2;1.19
earth-small;32;8;4;1;3;1.33
earth-medium;32;8;4;1;1;3.57
earth-medium;32;8;4;1;2;3.43
earth-medium;32;8;4;1;3;3.18
earth-large;32;8;4;1;1;10.83
earth-large;32;8;4;1;2;10.85
earth-large;32;8;4;1;3;10.87
earth-small;16;4;4;1;1;1.70
earth-small;16;4;4;1;2;1.55
earth-small;16;4;4;1;3;1.59
earth-medium;16;4;4;1;1;4.64
earth-medium;16;4;4;1;2;4.78
earth-medium;16;4;4;1;3;4.80
earth-large;16;4;4;1;1;16.53
earth-large;16;4;4;1;2;16.46
earth-large;16;4;4;1;3;16.56
earth-xlarge;16;4;4;1;1;24.91
earth-xlarge;16;4;4;1;2;24.20
earth-xlarge;16;4;4;1;3;22.97
earth-small;16;4;4;2000;1;22.35
earth-small;16;4;4;2000;2;22.12
earth-small;16;4;4;2000;3;18.07
earth-medium;16;4;4;2000;1;74.28
earth-medium;16;4;4;2000;2;76.61
earth-medium;16;4;4;2000;3;78.66
earth-large;16;4;4;2000;1;285.88
earth-large;16;4;4;2000;2;279.06
earth-large;16;4;4;2000;3;269.08
earth-small;32;8;4;1;1;1.63
earth-small;32;8;4;1;2;1.19
earth-small;32;8;4;1;3;1.33
earth-medium;32;8;4;1;1;3.57
earth-medium;32;8;4;1;2;3.43
earth-medium;32;8;4;1;3;3.18
earth-large;32;8;4;1;1;10.83
earth-large;32;8;4;1;2;10.85
earth-large;32;8;4;1;3;10.87
earth-xlarge;32;8;4;1;1;40.74
earth-small;32;8;4;1;1;1.63
earth-small;32;8;4;1;2;1.19
earth-small;32;8;4;1;3;1.33
earth-medium;32;8;4;1;1;3.57
earth-medium;32;8;4;1;2;3.43
earth-medium;32;8;4;1;3;3.18
earth-large;32;8;4;1;1;10.83
earth-large;32;8;4;1;2;10.85
earth-large;32;8;4;1;3;10.87
earth-xlarge;32;8;4;1;1;40.74
earth-xlarge;32;8;4;1;2;40.87
earth-small;32;8;4;1;1;1.63
earth-small;32;8;4;1;2;1.19
earth-small;32;8;4;1;3;1.33
earth-medium;32;8;4;1;1;3.57
earth-medium;32;8;4;1;2;3.43
earth-medium;32;8;4;1;3;3.18
earth-large;32;8;4;1;1;10.83
earth-large;32;8;4;1;2;10.85
earth-large;32;8;4;1;3;10.87
earth-xlarge;32;8;4;1;1;40.74
earth-xlarge;32;8;4;1;2;40.87
earth-xlarge;32;8;4;1;3;40.76
earth-small;32;8;4;1;1;1.63
earth-small;32;8;4;1;2;1.19
earth-small;32;8;4;1;3;1.33
earth-medium;32;8;4;1;1;3.57
earth-medium;32;8;4;1;2;3.43
earth-medium;32;8;4;1;3;3.18
earth-large;32;8;4;1;1;10.83
earth-large;32;8;4;1;2;10.85
earth-large;32;8;4;1;3;10.87
earth-xlarge;32;8;4;1;1;40.74
earth-xlarge;32;8;4;1;2;40.87
earth-xlarge;32;8;4;1;3;40.76
earth-small;32;8;4;2000;1;25.74
earth-small;32;8;4;1;1;1.63
earth-small;32;8;4;1;2;1.19
earth-small;32;8;4;1;3;1.33
earth-medium;32;8;4;1;1;3.57
earth-medium;32;8;4;1;2;3.43
earth-medium;32;8;4;1;3;3.18
earth-large;32;8;4;1;1;10.83
earth-large;32;8;4;1;2;10.85
earth-large;32;8;4;1;3;10.87
earth-xlarge;32;8;4;1;1;40.74
earth-xlarge;32;8;4;1;2;40.87
earth-xlarge;32;8;4;1;3;40.76
earth-small;32;8;4;2000;1;25.74
earth-small;32;8;4;2000;2;10.46
earth-small;32;8;4;1;1;1.63
earth-small;32;8;4;1;2;1.19
earth-small;32;8;4;1;3;1.33
earth-medium;32;8;4;1;1;3.57
earth-medium;32;8;4;1;2;3.43
earth-medium;32;8;4;1;3;3.18
earth-large;32;8;4;1;1;10.83
earth-large;32;8;4;1;2;10.85
earth-large;32;8;4;1;3;10.87
earth-xlarge;32;8;4;1;1;40.74
earth-xlarge;32;8;4;1;2;40.87
earth-xlarge;32;8;4;1;3;40.76
earth-small;32;8;4;2000;1;25.74
earth-small;32;8;4;2000;2;10.46
earth-small;32;8;4;2000;3;10.55
earth-small;1;1;1;1;1;0.68
earth-small;1;1;1;1;2;0.66
earth-small;1;1;1;1;3;0.67
earth-medium;1;1;1;1;1;2.42
earth-medium;1;1;1;1;2;2.42
earth-medium;1;1;1;1;3;2.45
earth-small;1;1;1;2000;1;95.80
earth-small;1;1;1;2000;2;95.72
earth-small;1;1;1;2000;3;95.97
earth-medium;1;1;1;2000;1;382.34
earth-medium;1;1;1;2000;2;382.02
earth-medium;1;1;1;2000;3;381.92
earth-small;2;2;1;1;1;0.70
earth-small;2;2;1;1;1;0.70
earth-small;2;2;1;1;2;0.68
earth-small;2;2;1;1;1;0.70
earth-small;2;2;1;1;2;0.68
earth-small;2;2;1;1;3;0.68
earth-small;2;2;1;1;1;0.70
earth-small;2;2;1;1;2;0.68
earth-small;2;2;1;1;3;0.68
earth-medium;2;2;1;1;1;2.37
earth-small;2;2;1;1;1;0.70
earth-small;2;2;1;1;2;0.68
earth-small;2;2;1;1;3;0.68
earth-medium;2;2;1;1;1;2.37
earth-medium;2;2;1;1;2;2.52
earth-small;32;8;4;1;1;1.63
earth-small;32;8;4;1;2;1.19
earth-small;32;8;4;1;3;1.33
earth-medium;32;8;4;1;1;3.57
earth-medium;32;8;4;1;2;3.43
earth-medium;32;8;4;1;3;3.18
earth-large;32;8;4;1;1;10.83
earth-large;32;8;4;1;2;10.85
earth-large;32;8;4;1;3;10.87
earth-xlarge;32;8;4;1;1;40.74
earth-xlarge;32;8;4;1;2;40.87
earth-xlarge;32;8;4;1;3;40.76
earth-small;32;8;4;2000;1;25.74
earth-small;32;8;4;2000;2;10.46
earth-small;32;8;4;2000;3;10.55
earth-medium;32;8;4;2000;1;39.87
earth-small;2;2;1;1;1;0.70
earth-small;2;2;1;1;2;0.68
earth-small;2;2;1;1;3;0.68
earth-medium;2;2;1;1;1;2.37
earth-medium;2;2;1;1;2;2.52
earth-medium;2;2;1;1;3;2.51
earth-small;32;8;4;1;1;1.63
earth-small;32;8;4;1;2;1.19
earth-small;32;8;4;1;3;1.33
earth-medium;32;8;4;1;1;3.57
earth-medium;32;8;4;1;2;3.43
earth-medium;32;8;4;1;3;3.18
earth-large;32;8;4;1;1;10.83
earth-large;32;8;4;1;2;10.85
earth-large;32;8;4;1;3;10.87
earth-xlarge;32;8;4;1;1;40.74
earth-xlarge;32;8;4;1;2;40.87
earth-xlarge;32;8;4;1;3;40.76
earth-small;32;8;4;2000;1;25.74
earth-small;32;8;4;2000;2;10.46
earth-small;32;8;4;2000;3;10.55
earth-medium;32;8;4;2000;1;39.87
earth-medium;32;8;4;2000;2;38.29
earth-small;2;2;1;1;1;0.70
earth-small;2;2;1;1;2;0.68
earth-small;2;2;1;1;3;0.68
earth-medium;2;2;1;1;1;2.37
earth-medium;2;2;1;1;2;2.52
earth-medium;2;2;1;1;3;2.51
earth-small;2;2;1;2000;1;59.15
earth-small;32;8;4;1;1;1.63
earth-small;32;8;4;1;2;1.19
earth-small;32;8;4;1;3;1.33
earth-medium;32;8;4;1;1;3.57
earth-medium;32;8;4;1;2;3.43
earth-medium;32;8;4;1;3;3.18
earth-large;32;8;4;1;1;10.83
earth-large;32;8;4;1;2;10.85
earth-large;32;8;4;1;3;10.87
earth-xlarge;32;8;4;1;1;40.74
earth-xlarge;32;8;4;1;2;40.87
earth-xlarge;32;8;4;1;3;40.76
earth-small;32;8;4;2000;1;25.74
earth-small;32;8;4;2000;2;10.46
earth-small;32;8;4;2000;3;10.55
earth-medium;32;8;4;2000;1;39.87
earth-medium;32;8;4;2000;2;38.29
earth-medium;32;8;4;2000;3;41.01
earth-small;2;2;1;1;1;0.70
earth-small;2;2;1;1;2;0.68
earth-small;2;2;1;1;3;0.68
earth-medium;2;2;1;1;1;2.37
earth-medium;2;2;1;1;2;2.52
earth-medium;2;2;1;1;3;2.51
earth-small;2;2;1;2000;1;59.15
earth-small;2;2;1;2000;2;49.42
earth-small;2;2;1;1;1;0.70
earth-small;2;2;1;1;2;0.68
earth-small;2;2;1;1;3;0.68
earth-medium;2;2;1;1;1;2.37
earth-medium;2;2;1;1;2;2.52
earth-medium;2;2;1;1;3;2.51
earth-small;2;2;1;2000;1;59.15
earth-small;2;2;1;2000;2;49.42
earth-small;2;2;1;2000;3;49.25
earth-small;32;8;4;1;1;1.63
earth-small;32;8;4;1;2;1.19
earth-small;32;8;4;1;3;1.33
earth-medium;32;8;4;1;1;3.57
earth-medium;32;8;4;1;2;3.43
earth-medium;32;8;4;1;3;3.18
earth-large;32;8;4;1;1;10.83
earth-large;32;8;4;1;2;10.85
earth-large;32;8;4;1;3;10.87
earth-xlarge;32;8;4;1;1;40.74
earth-xlarge;32;8;4;1;2;40.87
earth-xlarge;32;8;4;1;3;40.76
earth-small;32;8;4;2000;1;25.74
earth-small;32;8;4;2000;2;10.46
earth-small;32;8;4;2000;3;10.55
earth-medium;32;8;4;2000;1;39.87
earth-medium;32;8;4;2000;2;38.29
earth-medium;32;8;4;2000;3;41.01
earth-large;32;8;4;2000;1;146.56
earth-small;2;2;1;1;1;0.70
earth-small;2;2;1;1;2;0.68
earth-small;2;2;1;1;3;0.68
earth-medium;2;2;1;1;1;2.37
earth-medium;2;2;1;1;2;2.52
earth-medium;2;2;1;1;3;2.51
earth-small;2;2;1;2000;1;59.15
earth-small;2;2;1;2000;2;49.42
earth-small;2;2;1;2000;3;49.25
earth-medium;2;2;1;2000;1;195.13
earth-small;32;8;4;1;1;1.63
earth-small;32;8;4;1;2;1.19
earth-small;32;8;4;1;3;1.33
earth-medium;32;8;4;1;1;3.57
earth-medium;32;8;4;1;2;3.43
earth-medium;32;8;4;1;3;3.18
earth-large;32;8;4;1;1;10.83
earth-large;32;8;4;1;2;10.85
earth-large;32;8;4;1;3;10.87
earth-xlarge;32;8;4;1;1;40.74
earth-xlarge;32;8;4;1;2;40.87
earth-xlarge;32;8;4;1;3;40.76
earth-small;32;8;4;2000;1;25.74
earth-small;32;8;4;2000;2;10.46
earth-small;32;8;4;2000;3;10.55
earth-medium;32;8;4;2000;1;39.87
earth-medium;32;8;4;2000;2;38.29
earth-medium;32;8;4;2000;3;41.01
earth-large;32;8;4;2000;1;146.56
earth-large;32;8;4;2000;2;144.00
earth-small;32;8;4;1;1;1.63
earth-small;32;8;4;1;2;1.19
earth-small;32;8;4;1;3;1.33
earth-medium;32;8;4;1;1;3.57
earth-medium;32;8;4;1;2;3.43
earth-medium;32;8;4;1;3;3.18
earth-large;32;8;4;1;1;10.83
earth-large;32;8;4;1;2;10.85
earth-large;32;8;4;1;3;10.87
earth-xlarge;32;8;4;1;1;40.74
earth-xlarge;32;8;4;1;2;40.87
earth-xlarge;32;8;4;1;3;40.76
earth-small;32;8;4;2000;1;25.74
earth-small;32;8;4;2000;2;10.46
earth-small;32;8;4;2000;3;10.55
earth-medium;32;8;4;2000;1;39.87
earth-medium;32;8;4;2000;2;38.29
earth-medium;32;8;4;2000;3;41.01
earth-large;32;8;4;2000;1;146.56
earth-large;32;8;4;2000;2;144.00
earth-large;32;8;4;2000;3;159.30
earth-small;2;2;1;1;1;0.70
earth-small;2;2;1;1;2;0.68
earth-small;2;2;1;1;3;0.68
earth-medium;2;2;1;1;1;2.37
earth-medium;2;2;1;1;2;2.52
earth-medium;2;2;1;1;3;2.51
earth-small;2;2;1;2000;1;59.15
earth-small;2;2;1;2000;2;49.42
earth-small;2;2;1;2000;3;49.25
earth-medium;2;2;1;2000;1;195.13
earth-medium;2;2;1;2000;2;217.61
earth-small;2;2;1;1;1;0.70
earth-small;2;2;1;1;2;0.68
earth-small;2;2;1;1;3;0.68
earth-medium;2;2;1;1;1;2.37
earth-medium;2;2;1;1;2;2.52
earth-medium;2;2;1;1;3;2.51
earth-small;2;2;1;2000;1;59.15
earth-small;2;2;1;2000;2;49.42
earth-small;2;2;1;2000;3;49.25
earth-medium;2;2;1;2000;1;195.13
earth-medium;2;2;1;2000;2;217.61
earth-medium;2;2;1;2000;3;233.79
earth-small;4;2;2;1;1;0.70
earth-small;4;2;2;1;1;0.70
earth-small;4;2;2;1;2;0.75
earth-small;4;2;2;1;1;0.70
earth-small;4;2;2;1;2;0.75
earth-small;4;2;2;1;3;0.79
earth-small;4;2;2;1;1;0.70
earth-small;4;2;2;1;2;0.75
earth-small;4;2;2;1;3;0.79
earth-medium;4;2;2;1;1;2.32
earth-small;4;2;2;1;1;0.70
earth-small;4;2;2;1;2;0.75
earth-small;4;2;2;1;3;0.79
earth-medium;4;2;2;1;1;2.32
earth-medium;4;2;2;1;2;2.33
earth-small;4;2;2;1;1;0.70
earth-small;4;2;2;1;2;0.75
earth-small;4;2;2;1;3;0.79
earth-medium;4;2;2;1;1;2.32
earth-medium;4;2;2;1;2;2.33
earth-medium;4;2;2;1;3;2.38
earth-small;4;2;2;1;1;0.70
earth-small;4;2;2;1;2;0.75
earth-small;4;2;2;1;3;0.79
earth-medium;4;2;2;1;1;2.32
earth-medium;4;2;2;1;2;2.33
earth-medium;4;2;2;1;3;2.38
earth-small;4;2;2;2000;1;30.86
earth-small;4;2;2;1;1;0.70
earth-small;4;2;2;1;2;0.75
earth-small;4;2;2;1;3;0.79
earth-medium;4;2;2;1;1;2.32
earth-medium;4;2;2;1;2;2.33
earth-medium;4;2;2;1;3;2.38
earth-small;4;2;2;2000;1;30.86
earth-small;4;2;2;2000;2;30.81
earth-small;4;2;2;1;1;0.70
earth-small;4;2;2;1;2;0.75
earth-small;4;2;2;1;3;0.79
earth-medium;4;2;2;1;1;2.32
earth-medium;4;2;2;1;2;2.33
earth-medium;4;2;2;1;3;2.38
earth-small;4;2;2;2000;1;30.86
earth-small;4;2;2;2000;2;30.81
earth-small;4;2;2;2000;3;30.83
earth-small;16;4;4;1;1;1.70
earth-small;16;4;4;1;2;1.55
earth-small;16;4;4;1;3;1.59
earth-medium;16;4;4;1;1;4.64
earth-medium;16;4;4;1;2;4.78
earth-medium;16;4;4;1;3;4.80
earth-large;16;4;4;1;1;16.53
earth-large;16;4;4;1;2;16.46
earth-large;16;4;4;1;3;16.56
earth-xlarge;16;4;4;1;1;24.91
earth-xlarge;16;4;4;1;2;24.20
earth-xlarge;16;4;4;1;3;22.97
earth-small;16;4;4;2000;1;22.35
earth-small;16;4;4;2000;2;22.12
earth-small;16;4;4;2000;3;18.07
earth-medium;16;4;4;2000;1;74.28
earth-medium;16;4;4;2000;2;76.61
earth-medium;16;4;4;2000;3;78.66
earth-large;16;4;4;2000;1;285.88
earth-large;16;4;4;2000;2;279.06
earth-large;16;4;4;2000;3;269.08
earth-xlarge;16;4;4;2000;1;1138.03
earth-small;4;2;2;1;1;0.70
earth-small;4;2;2;1;2;0.75
earth-small;4;2;2;1;3;0.79
earth-medium;4;2;2;1;1;2.32
earth-medium;4;2;2;1;2;2.33
earth-medium;4;2;2;1;3;2.38
earth-small;4;2;2;2000;1;30.86
earth-small;4;2;2;2000;2;30.81
earth-small;4;2;2;2000;3;30.83
earth-medium;4;2;2;2000;1;119.95
earth-small;32;8;4;1;1;1.63
earth-small;32;8;4;1;2;1.19
earth-small;32;8;4;1;3;1.33
earth-medium;32;8;4;1;1;3.57
earth-medium;32;8;4;1;2;3.43
earth-medium;32;8;4;1;3;3.18
earth-large;32;8;4;1;1;10.83
earth-large;32;8;4;1;2;10.85
earth-large;32;8;4;1;3;10.87
earth-xlarge;32;8;4;1;1;40.74
earth-xlarge;32;8;4;1;2;40.87
earth-xlarge;32;8;4;1;3;40.76
earth-small;32;8;4;2000;1;25.74
earth-small;32;8;4;2000;2;10.46
earth-small;32;8;4;2000;3;10.55
earth-medium;32;8;4;2000;1;39.87
earth-medium;32;8;4;2000;2;38.29
earth-medium;32;8;4;2000;3;41.01
earth-large;32;8;4;2000;1;146.56
earth-large;32;8;4;2000;2;144.00
earth-large;32;8;4;2000;3;159.30
earth-xlarge;32;8;4;2000;1;596.00
earth-small;4;2;2;1;1;0.70
earth-small;4;2;2;1;2;0.75
earth-small;4;2;2;1;3;0.79
earth-medium;4;2;2;1;1;2.32
earth-medium;4;2;2;1;2;2.33
earth-medium;4;2;2;1;3;2.38
earth-small;4;2;2;2000;1;30.86
earth-small;4;2;2;2000;2;30.81
earth-small;4;2;2;2000;3;30.83
earth-medium;4;2;2;2000;1;119.95
earth-medium;4;2;2;2000;2;120.24
earth-small;4;2;2;1;1;0.70
earth-small;4;2;2;1;2;0.75
earth-small;4;2;2;1;3;0.79
earth-medium;4;2;2;1;1;2.32
earth-medium;4;2;2;1;2;2.33
earth-medium;4;2;2;1;3;2.38
earth-small;4;2;2;2000;1;30.86
earth-small;4;2;2;2000;2;30.81
earth-small;4;2;2;2000;3;30.83
earth-medium;4;2;2;2000;1;119.95
earth-medium;4;2;2;2000;2;120.24
earth-medium;4;2;2;2000;3;120.23
earth-small;8;4;2;1;1;1.77
earth-small;8;4;2;1;1;1.77
earth-small;8;4;2;1;2;1.27
earth-small;8;4;2;1;1;1.77
earth-small;8;4;2;1;2;1.27
earth-small;8;4;2;1;3;1.29
earth-small;8;4;2;1;1;1.77
earth-small;8;4;2;1;2;1.27
earth-small;8;4;2;1;3;1.29
earth-medium;8;4;2;1;1;4.34
earth-small;8;4;2;1;1;1.77
earth-small;8;4;2;1;2;1.27
earth-small;8;4;2;1;3;1.29
earth-medium;8;4;2;1;1;4.34
earth-medium;8;4;2;1;2;4.40
earth-small;8;4;2;1;1;1.77
earth-small;8;4;2;1;2;1.27
earth-small;8;4;2;1;3;1.29
earth-medium;8;4;2;1;1;4.34
earth-medium;8;4;2;1;2;4.40
earth-medium;8;4;2;1;3;4.45
earth-small;8;4;2;1;1;1.77
earth-small;8;4;2;1;2;1.27
earth-small;8;4;2;1;3;1.29
earth-medium;8;4;2;1;1;4.34
earth-medium;8;4;2;1;2;4.40
earth-medium;8;4;2;1;3;4.45
earth-small;8;4;2;2000;1;36.45
earth-small;8;4;2;1;1;1.77
earth-small;8;4;2;1;2;1.27
earth-small;8;4;2;1;3;1.29
earth-medium;8;4;2;1;1;4.34
earth-medium;8;4;2;1;2;4.40
earth-medium;8;4;2;1;3;4.45
earth-small;8;4;2;2000;1;36.45
earth-small;8;4;2;2000;2;36.76
earth-small;8;4;2;1;1;1.77
earth-small;8;4;2;1;2;1.27
earth-small;8;4;2;1;3;1.29
earth-medium;8;4;2;1;1;4.34
earth-medium;8;4;2;1;2;4.40
earth-medium;8;4;2;1;3;4.45
earth-small;8;4;2;2000;1;36.45
earth-small;8;4;2;2000;2;36.76
earth-small;8;4;2;2000;3;37.32
earth-small;8;4;2;1;1;1.77
earth-small;8;4;2;1;2;1.27
earth-small;8;4;2;1;3;1.29
earth-medium;8;4;2;1;1;4.34
earth-medium;8;4;2;1;2;4.40
earth-medium;8;4;2;1;3;4.45
earth-small;8;4;2;2000;1;36.45
earth-small;8;4;2;2000;2;36.76
earth-small;8;4;2;2000;3;37.32
earth-medium;8;4;2;2000;1;143.23
earth-small;8;4;2;1;1;1.77
earth-small;8;4;2;1;2;1.27
earth-small;8;4;2;1;3;1.29
earth-medium;8;4;2;1;1;4.34
earth-medium;8;4;2;1;2;4.40
earth-medium;8;4;2;1;3;4.45
earth-small;8;4;2;2000;1;36.45
earth-small;8;4;2;2000;2;36.76
earth-small;8;4;2;2000;3;37.32
earth-medium;8;4;2;2000;1;143.23
earth-medium;8;4;2;2000;2;140.85
earth-small;32;8;4;1;1;1.63
earth-small;32;8;4;1;2;1.19
earth-small;32;8;4;1;3;1.33
earth-medium;32;8;4;1;1;3.57
earth-medium;32;8;4;1;2;3.43
earth-medium;32;8;4;1;3;3.18
earth-large;32;8;4;1;1;10.83
earth-large;32;8;4;1;2;10.85
earth-large;32;8;4;1;3;10.87
earth-xlarge;32;8;4;1;1;40.74
earth-xlarge;32;8;4;1;2;40.87
earth-xlarge;32;8;4;1;3;40.76
earth-small;32;8;4;2000;1;25.74
earth-small;32;8;4;2000;2;10.46
earth-small;32;8;4;2000;3;10.55
earth-medium;32;8;4;2000;1;39.87
earth-medium;32;8;4;2000;2;38.29
earth-medium;32;8;4;2000;3;41.01
earth-large;32;8;4;2000;1;146.56
earth-large;32;8;4;2000;2;144.00
earth-large;32;8;4;2000;3;159.30
earth-xlarge;32;8;4;2000;1;596.00
earth-xlarge;32;8;4;2000;2;589.59
earth-small;8;4;2;1;1;1.77
earth-small;8;4;2;1;2;1.27
earth-small;8;4;2;1;3;1.29
earth-medium;8;4;2;1;1;4.34
earth-medium;8;4;2;1;2;4.40
earth-medium;8;4;2;1;3;4.45
earth-small;8;4;2;2000;1;36.45
earth-small;8;4;2;2000;2;36.76
earth-small;8;4;2;2000;3;37.32
earth-medium;8;4;2;2000;1;143.23
earth-medium;8;4;2;2000;2;140.85
earth-medium;8;4;2;2000;3;137.44
earth-small;16;4;4;1;1;1.70
earth-small;16;4;4;1;2;1.55
earth-small;16;4;4;1;3;1.59
earth-medium;16;4;4;1;1;4.64
earth-medium;16;4;4;1;2;4.78
earth-medium;16;4;4;1;3;4.80
earth-large;16;4;4;1;1;16.53
earth-large;16;4;4;1;2;16.46
earth-large;16;4;4;1;3;16.56
earth-xlarge;16;4;4;1;1;24.91
earth-xlarge;16;4;4;1;2;24.20
earth-xlarge;16;4;4;1;3;22.97
earth-small;16;4;4;2000;1;22.35
earth-small;16;4;4;2000;2;22.12
earth-small;16;4;4;2000;3;18.07
earth-medium;16;4;4;2000;1;74.28
earth-medium;16;4;4;2000;2;76.61
earth-medium;16;4;4;2000;3;78.66
earth-large;16;4;4;2000;1;285.88
earth-large;16;4;4;2000;2;279.06
earth-large;16;4;4;2000;3;269.08
earth-xlarge;16;4;4;2000;1;1138.03
earth-xlarge;16;4;4;2000;2;1131.47
earth-small;32;8;4;1;1;1.63
earth-small;32;8;4;1;2;1.19
earth-small;32;8;4;1;3;1.33
earth-medium;32;8;4;1;1;3.57
earth-medium;32;8;4;1;2;3.43
earth-medium;32;8;4;1;3;3.18
earth-large;32;8;4;1;1;10.83
earth-large;32;8;4;1;2;10.85
earth-large;32;8;4;1;3;10.87
earth-xlarge;32;8;4;1;1;40.74
earth-xlarge;32;8;4;1;2;40.87
earth-xlarge;32;8;4;1;3;40.76
earth-small;32;8;4;2000;1;25.74
earth-small;32;8;4;2000;2;10.46
earth-small;32;8;4;2000;3;10.55
earth-medium;32;8;4;2000;1;39.87
earth-medium;32;8;4;2000;2;38.29
earth-medium;32;8;4;2000;3;41.01
earth-large;32;8;4;2000;1;146.56
earth-large;32;8;4;2000;2;144.00
earth-large;32;8;4;2000;3;159.30
earth-xlarge;32;8;4;2000;1;596.00
earth-xlarge;32;8;4;2000;2;589.59
earth-xlarge;32;8;4;2000;3;587.21
earth-small;64;8;8;1;1;2.68
earth-small;64;8;8;1;1;2.68
earth-small;64;8;8;1;2;1.52
earth-small;64;8;8;1;1;2.68
earth-small;64;8;8;1;2;1.52
earth-small;64;8;8;1;3;1.32
earth-small;64;8;8;1;1;2.68
earth-small;64;8;8;1;2;1.52
earth-small;64;8;8;1;3;1.32
earth-medium;64;8;8;1;1;3.48
earth-small;64;8;8;1;1;2.68
earth-small;64;8;8;1;2;1.52
earth-small;64;8;8;1;3;1.32
earth-medium;64;8;8;1;1;3.48
earth-medium;64;8;8;1;2;3.39
earth-small;64;8;8;1;1;2.68
earth-small;64;8;8;1;2;1.52
earth-small;64;8;8;1;3;1.32
earth-medium;64;8;8;1;1;3.48
earth-medium;64;8;8;1;2;3.39
earth-medium;64;8;8;1;3;3.85
earth-small;64;8;8;1;1;2.68
earth-small;64;8;8;1;2;1.52
earth-small;64;8;8;1;3;1.32
earth-medium;64;8;8;1;1;3.48
earth-medium;64;8;8;1;2;3.39
earth-medium;64;8;8;1;3;3.85
earth-large;64;8;8;1;1;11.22
earth-small;64;8;8;1;1;2.68
earth-small;64;8;8;1;2;1.52
earth-small;64;8;8;1;3;1.32
earth-medium;64;8;8;1;1;3.48
earth-medium;64;8;8;1;2;3.39
earth-medium;64;8;8;1;3;3.85
earth-large;64;8;8;1;1;11.22
earth-large;64;8;8;1;2;11.30
earth-small;64;8;8;1;1;2.68
earth-small;64;8;8;1;2;1.52
earth-small;64;8;8;1;3;1.32
earth-medium;64;8;8;1;1;3.48
earth-medium;64;8;8;1;2;3.39
earth-medium;64;8;8;1;3;3.85
earth-large;64;8;8;1;1;11.22
earth-large;64;8;8;1;2;11.30
earth-large;64;8;8;1;3;11.51
earth-small;64;8;8;1;1;2.68
earth-small;64;8;8;1;2;1.52
earth-small;64;8;8;1;3;1.32
earth-medium;64;8;8;1;1;3.48
earth-medium;64;8;8;1;2;3.39
earth-medium;64;8;8;1;3;3.85
earth-large;64;8;8;1;1;11.22
earth-large;64;8;8;1;2;11.30
earth-large;64;8;8;1;3;11.51
earth-xlarge;64;8;8;1;1;42.45
earth-small;64;8;8;1;1;2.68
earth-small;64;8;8;1;2;1.52
earth-small;64;8;8;1;3;1.32
earth-medium;64;8;8;1;1;3.48
earth-medium;64;8;8;1;2;3.39
earth-medium;64;8;8;1;3;3.85
earth-large;64;8;8;1;1;11.22
earth-large;64;8;8;1;2;11.30
earth-large;64;8;8;1;3;11.51
earth-xlarge;64;8;8;1;1;42.45
earth-xlarge;64;8;8;1;2;42.31
earth-small;64;8;8;1;1;2.68
earth-small;64;8;8;1;2;1.52
earth-small;64;8;8;1;3;1.32
earth-medium;64;8;8;1;1;3.48
earth-medium;64;8;8;1;2;3.39
earth-medium;64;8;8;1;3;3.85
earth-large;64;8;8;1;1;11.22
earth-large;64;8;8;1;2;11.30
earth-large;64;8;8;1;3;11.51
earth-xlarge;64;8;8;1;1;42.45
earth-xlarge;64;8;8;1;2;42.31
earth-xlarge;64;8;8;1;3;42.29
earth-small;64;8;8;1;1;2.68
earth-small;64;8;8;1;2;1.52
earth-small;64;8;8;1;3;1.32
earth-medium;64;8;8;1;1;3.48
earth-medium;64;8;8;1;2;3.39
earth-medium;64;8;8;1;3;3.85
earth-large;64;8;8;1;1;11.22
earth-large;64;8;8;1;2;11.30
earth-large;64;8;8;1;3;11.51
earth-xlarge;64;8;8;1;1;42.45
earth-xlarge;64;8;8;1;2;42.31
earth-xlarge;64;8;8;1;3;42.29
earth-small;64;8;8;2000;1;25.84
earth-small;64;8;8;1;1;2.68
earth-small;64;8;8;1;2;1.52
earth-small;64;8;8;1;3;1.32
earth-medium;64;8;8;1;1;3.48
earth-medium;64;8;8;1;2;3.39
earth-medium;64;8;8;1;3;3.85
earth-large;64;8;8;1;1;11.22
earth-large;64;8;8;1;2;11.30
earth-large;64;8;8;1;3;11.51
earth-xlarge;64;8;8;1;1;42.45
earth-xlarge;64;8;8;1;2;42.31
earth-xlarge;64;8;8;1;3;42.29
earth-small;64;8;8;2000;1;25.84
earth-small;64;8;8;2000;2;10.00
earth-small;64;8;8;1;1;2.68
earth-small;64;8;8;1;2;1.52
earth-small;64;8;8;1;3;1.32
earth-medium;64;8;8;1;1;3.48
earth-medium;64;8;8;1;2;3.39
earth-medium;64;8;8;1;3;3.85
earth-large;64;8;8;1;1;11.22
earth-large;64;8;8;1;2;11.30
earth-large;64;8;8;1;3;11.51
earth-xlarge;64;8;8;1;1;42.45
earth-xlarge;64;8;8;1;2;42.31
earth-xlarge;64;8;8;1;3;42.29
earth-small;64;8;8;2000;1;25.84
earth-small;64;8;8;2000;2;10.00
earth-small;64;8;8;2000;3;13.91
earth-small;64;8;8;1;1;2.68
earth-small;64;8;8;1;2;1.52
earth-small;64;8;8;1;3;1.32
earth-medium;64;8;8;1;1;3.48
earth-medium;64;8;8;1;2;3.39
earth-medium;64;8;8;1;3;3.85
earth-large;64;8;8;1;1;11.22
earth-large;64;8;8;1;2;11.30
earth-large;64;8;8;1;3;11.51
earth-xlarge;64;8;8;1;1;42.45
earth-xlarge;64;8;8;1;2;42.31
earth-xlarge;64;8;8;1;3;42.29
earth-small;64;8;8;2000;1;25.84
earth-small;64;8;8;2000;2;10.00
earth-small;64;8;8;2000;3;13.91
earth-medium;64;8;8;2000;1;28.10
earth-small;64;8;8;1;1;2.68
earth-small;64;8;8;1;2;1.52
earth-small;64;8;8;1;3;1.32
earth-medium;64;8;8;1;1;3.48
earth-medium;64;8;8;1;2;3.39
earth-medium;64;8;8;1;3;3.85
earth-large;64;8;8;1;1;11.22
earth-large;64;8;8;1;2;11.30
earth-large;64;8;8;1;3;11.51
earth-xlarge;64;8;8;1;1;42.45
earth-xlarge;64;8;8;1;2;42.31
earth-xlarge;64;8;8;1;3;42.29
earth-small;64;8;8;2000;1;25.84
earth-small;64;8;8;2000;2;10.00
earth-small;64;8;8;2000;3;13.91
earth-medium;64;8;8;2000;1;28.10
earth-medium;64;8;8;2000;2;20.07
earth-small;64;8;8;1;1;2.68
earth-small;64;8;8;1;2;1.52
earth-small;64;8;8;1;3;1.32
earth-medium;64;8;8;1;1;3.48
earth-medium;64;8;8;1;2;3.39
earth-medium;64;8;8;1;3;3.85
earth-large;64;8;8;1;1;11.22
earth-large;64;8;8;1;2;11.30
earth-large;64;8;8;1;3;11.51
earth-xlarge;64;8;8;1;1;42.45
earth-xlarge;64;8;8;1;2;42.31
earth-xlarge;64;8;8;1;3;42.29
earth-small;64;8;8;2000;1;25.84
earth-small;64;8;8;2000;2;10.00
earth-small;64;8;8;2000;3;13.91
earth-medium;64;8;8;2000;1;28.10
earth-medium;64;8;8;2000;2;20.07
earth-medium;64;8;8;2000;3;21.62
earth-small;64;8;8;1;1;2.68
earth-small;64;8;8;1;2;1.52
earth-small;64;8;8;1;3;1.32
earth-medium;64;8;8;1;1;3.48
earth-medium;64;8;8;1;2;3.39
earth-medium;64;8;8;1;3;3.85
earth-large;64;8;8;1;1;11.22
earth-large;64;8;8;1;2;11.30
earth-large;64;8;8;1;3;11.51
earth-xlarge;64;8;8;1;1;42.45
earth-xlarge;64;8;8;1;2;42.31
earth-xlarge;64;8;8;1;3;42.29
earth-small;64;8;8;2000;1;25.84
earth-small;64;8;8;2000;2;10.00
earth-small;64;8;8;2000;3;13.91
earth-medium;64;8;8;2000;1;28.10
earth-medium;64;8;8;2000;2;20.07
earth-medium;64;8;8;2000;3;21.62
earth-large;64;8;8;2000;1;82.21
earth-small;64;8;8;1;1;2.68
earth-small;64;8;8;1;2;1.52
earth-small;64;8;8;1;3;1.32
earth-medium;64;8;8;1;1;3.48
earth-medium;64;8;8;1;2;3.39
earth-medium;64;8;8;1;3;3.85
earth-large;64;8;8;1;1;11.22
earth-large;64;8;8;1;2;11.30
earth-large;64;8;8;1;3;11.51
earth-xlarge;64;8;8;1;1;42.45
earth-xlarge;64;8;8;1;2;42.31
earth-xlarge;64;8;8;1;3;42.29
earth-small;64;8;8;2000;1;25.84
earth-small;64;8;8;2000;2;10.00
earth-small;64;8;8;2000;3;13.91
earth-medium;64;8;8;2000;1;28.10
earth-medium;64;8;8;2000;2;20.07
earth-medium;64;8;8;2000;3;21.62
earth-large;64;8;8;2000;1;82.21
earth-large;64;8;8;2000;2;81.31
earth-small;64;8;8;1;1;2.68
earth-small;64;8;8;1;2;1.52
earth-small;64;8;8;1;3;1.32
earth-medium;64;8;8;1;1;3.48
earth-medium;64;8;8;1;2;3.39
earth-medium;64;8;8;1;3;3.85
earth-large;64;8;8;1;1;11.22
earth-large;64;8;8;1;2;11.30
earth-large;64;8;8;1;3;11.51
earth-xlarge;64;8;8;1;1;42.45
earth-xlarge;64;8;8;1;2;42.31
earth-xlarge;64;8;8;1;3;42.29
earth-small;64;8;8;2000;1;25.84
earth-small;64;8;8;2000;2;10.00
earth-small;64;8;8;2000;3;13.91
earth-medium;64;8;8;2000;1;28.10
earth-medium;64;8;8;2000;2;20.07
earth-medium;64;8;8;2000;3;21.62
earth-large;64;8;8;2000;1;82.21
earth-large;64;8;8;2000;2;81.31
earth-large;64;8;8;2000;3;83.97
earth-small;64;8;8;1;1;2.68
earth-small;64;8;8;1;2;1.52
earth-small;64;8;8;1;3;1.32
earth-medium;64;8;8;1;1;3.48
earth-medium;64;8;8;1;2;3.39
earth-medium;64;8;8;1;3;3.85
earth-large;64;8;8;1;1;11.22
earth-large;64;8;8;1;2;11.30
earth-large;64;8;8;1;3;11.51
earth-xlarge;64;8;8;1;1;42.45
earth-xlarge;64;8;8;1;2;42.31
earth-xlarge;64;8;8;1;3;42.29
earth-small;64;8;8;2000;1;25.84
earth-small;64;8;8;2000;2;10.00
earth-small;64;8;8;2000;3;13.91
earth-medium;64;8;8;2000;1;28.10
earth-medium;64;8;8;2000;2;20.07
earth-medium;64;8;8;2000;3;21.62
earth-large;64;8;8;2000;1;82.21
earth-large;64;8;8;2000;2;81.31
earth-large;64;8;8;2000;3;83.97
earth-xlarge;64;8;8;2000;1;348.82
earth-small;64;8;8;1;1;2.68
earth-small;64;8;8;1;2;1.52
earth-small;64;8;8;1;3;1.32
earth-medium;64;8;8;1;1;3.48
earth-medium;64;8;8;1;2;3.39
earth-medium;64;8;8;1;3;3.85
earth-large;64;8;8;1;1;11.22
earth-large;64;8;8;1;2;11.30
earth-large;64;8;8;1;3;11.51
earth-xlarge;64;8;8;1;1;42.45
earth-xlarge;64;8;8;1;2;42.31
earth-xlarge;64;8;8;1;3;42.29
earth-small;64;8;8;2000;1;25.84
earth-small;64;8;8;2000;2;10.00
earth-small;64;8;8;2000;3;13.91
earth-medium;64;8;8;2000;1;28.10
earth-medium;64;8;8;2000;2;20.07
earth-medium;64;8;8;2000;3;21.62
earth-large;64;8;8;2000;1;82.21
earth-large;64;8;8;2000;2;81.31
earth-large;64;8;8;2000;3;83.97
earth-xlarge;64;8;8;2000;1;348.82
earth-xlarge;64;8;8;2000;2;353.23
earth-small;64;8;8;1;1;2.68
earth-small;64;8;8;1;2;1.52
earth-small;64;8;8;1;3;1.32
earth-medium;64;8;8;1;1;3.48
earth-medium;64;8;8;1;2;3.39
earth-medium;64;8;8;1;3;3.85
earth-large;64;8;8;1;1;11.22
earth-large;64;8;8;1;2;11.30
earth-large;64;8;8;1;3;11.51
earth-xlarge;64;8;8;1;1;42.45
earth-xlarge;64;8;8;1;2;42.31
earth-xlarge;64;8;8;1;3;42.29
earth-small;64;8;8;2000;1;25.84
earth-small;64;8;8;2000;2;10.00
earth-small;64;8;8;2000;3;13.91
earth-medium;64;8;8;2000;1;28.10
earth-medium;64;8;8;2000;2;20.07
earth-medium;64;8;8;2000;3;21.62
earth-large;64;8;8;2000;1;82.21
earth-large;64;8;8;2000;2;81.31
earth-large;64;8;8;2000;3;83.97
earth-xlarge;64;8;8;2000;1;348.82
earth-xlarge;64;8;8;2000;2;353.23
earth-xlarge;64;8;8;2000;3;356.38
earth-small;96;12;8;1;1;5.56
earth-small;96;12;8;1;1;5.56
earth-small;96;12;8;1;2;1.63
earth-small;96;12;8;1;1;5.56
earth-small;96;12;8;1;2;1.63
earth-small;96;12;8;1;3;1.51
earth-small;96;12;8;1;1;5.56
earth-small;96;12;8;1;2;1.63
earth-small;96;12;8;1;3;1.51
earth-medium;96;12;8;1;1;3.75
earth-small;96;12;8;1;1;5.56
earth-small;96;12;8;1;2;1.63
earth-small;96;12;8;1;3;1.51
earth-medium;96;12;8;1;1;3.75
earth-medium;96;12;8;1;2;3.58
earth-small;96;12;8;1;1;5.56
earth-small;96;12;8;1;2;1.63
earth-small;96;12;8;1;3;1.51
earth-medium;96;12;8;1;1;3.75
earth-medium;96;12;8;1;2;3.58
earth-medium;96;12;8;1;3;3.64
earth-small;96;12;8;1;1;5.56
earth-small;96;12;8;1;2;1.63
earth-small;96;12;8;1;3;1.51
earth-medium;96;12;8;1;1;3.75
earth-medium;96;12;8;1;2;3.58
earth-medium;96;12;8;1;3;3.64
earth-large;96;12;8;1;1;11.58
earth-small;96;12;8;1;1;5.56
earth-small;96;12;8;1;2;1.63
earth-small;96;12;8;1;3;1.51
earth-medium;96;12;8;1;1;3.75
earth-medium;96;12;8;1;2;3.58
earth-medium;96;12;8;1;3;3.64
earth-large;96;12;8;1;1;11.58
earth-large;96;12;8;1;2;11.54
earth-small;96;12;8;1;1;5.56
earth-small;96;12;8;1;2;1.63
earth-small;96;12;8;1;3;1.51
earth-medium;96;12;8;1;1;3.75
earth-medium;96;12;8;1;2;3.58
earth-medium;96;12;8;1;3;3.64
earth-large;96;12;8;1;1;11.58
earth-large;96;12;8;1;2;11.54
earth-large;96;12;8;1;3;11.67
earth-small;96;12;8;1;1;5.56
earth-small;96;12;8;1;2;1.63
earth-small;96;12;8;1;3;1.51
earth-medium;96;12;8;1;1;3.75
earth-medium;96;12;8;1;2;3.58
earth-medium;96;12;8;1;3;3.64
earth-large;96;12;8;1;1;11.58
earth-large;96;12;8;1;2;11.54
earth-large;96;12;8;1;3;11.67
earth-xlarge;96;12;8;1;1;43.58
earth-small;96;12;8;1;1;5.56
earth-small;96;12;8;1;2;1.63
earth-small;96;12;8;1;3;1.51
earth-medium;96;12;8;1;1;3.75
earth-medium;96;12;8;1;2;3.58
earth-medium;96;12;8;1;3;3.64
earth-large;96;12;8;1;1;11.58
earth-large;96;12;8;1;2;11.54
earth-large;96;12;8;1;3;11.67
earth-xlarge;96;12;8;1;1;43.58
earth-xlarge;96;12;8;1;2;43.12
earth-small;96;12;8;1;1;5.56
earth-small;96;12;8;1;2;1.63
earth-small;96;12;8;1;3;1.51
earth-medium;96;12;8;1;1;3.75
earth-medium;96;12;8;1;2;3.58
earth-medium;96;12;8;1;3;3.64
earth-large;96;12;8;1;1;11.58
earth-large;96;12;8;1;2;11.54
earth-large;96;12;8;1;3;11.67
earth-xlarge;96;12;8;1;1;43.58
earth-xlarge;96;12;8;1;2;43.12
earth-xlarge;96;12;8;1;3;43.10
earth-small;96;12;8;1;1;5.56
earth-small;96;12;8;1;2;1.63
earth-small;96;12;8;1;3;1.51
earth-medium;96;12;8;1;1;3.75
earth-medium;96;12;8;1;2;3.58
earth-medium;96;12;8;1;3;3.64
earth-large;96;12;8;1;1;11.58
earth-large;96;12;8;1;2;11.54
earth-large;96;12;8;1;3;11.67
earth-xlarge;96;12;8;1;1;43.58
earth-xlarge;96;12;8;1;2;43.12
earth-xlarge;96;12;8;1;3;43.10
earth-small;96;12;8;2000;1;10.25
earth-small;96;12;8;1;1;5.56
earth-small;96;12;8;1;2;1.63
earth-small;96;12;8;1;3;1.51
earth-medium;96;12;8;1;1;3.75
earth-medium;96;12;8;1;2;3.58
earth-medium;96;12;8;1;3;3.64
earth-large;96;12;8;1;1;11.58
earth-large;96;12;8;1;2;11.54
earth-large;96;12;8;1;3;11.67
earth-xlarge;96;12;8;1;1;43.58
earth-xlarge;96;12;8;1;2;43.12
earth-xlarge;96;12;8;1;3;43.10
earth-small;96;12;8;2000;1;10.25
earth-small;96;12;8;2000;2;9.49
earth-small;96;12;8;1;1;5.56
earth-small;96;12;8;1;2;1.63
earth-small;96;12;8;1;3;1.51
earth-medium;96;12;8;1;1;3.75
earth-medium;96;12;8;1;2;3.58
earth-medium;96;12;8;1;3;3.64
earth-large;96;12;8;1;1;11.58
earth-large;96;12;8;1;2;11.54
earth-large;96;12;8;1;3;11.67
earth-xlarge;96;12;8;1;1;43.58
earth-xlarge;96;12;8;1;2;43.12
earth-xlarge;96;12;8;1;3;43.10
earth-small;96;12;8;2000;1;10.25
earth-small;96;12;8;2000;2;9.49
earth-small;96;12;8;2000;3;9.65
earth-small;96;12;8;1;1;5.56
earth-small;96;12;8;1;2;1.63
earth-small;96;12;8;1;3;1.51
earth-medium;96;12;8;1;1;3.75
earth-medium;96;12;8;1;2;3.58
earth-medium;96;12;8;1;3;3.64
earth-large;96;12;8;1;1;11.58
earth-large;96;12;8;1;2;11.54
earth-large;96;12;8;1;3;11.67
earth-xlarge;96;12;8;1;1;43.58
earth-xlarge;96;12;8;1;2;43.12
earth-xlarge;96;12;8;1;3;43.10
earth-small;96;12;8;2000;1;10.25
earth-small;96;12;8;2000;2;9.49
earth-small;96;12;8;2000;3;9.65
earth-medium;96;12;8;2000;1;13.21
earth-small;96;12;8;1;1;5.56
earth-small;96;12;8;1;2;1.63
earth-small;96;12;8;1;3;1.51
earth-medium;96;12;8;1;1;3.75
earth-medium;96;12;8;1;2;3.58
earth-medium;96;12;8;1;3;3.64
earth-large;96;12;8;1;1;11.58
earth-large;96;12;8;1;2;11.54
earth-large;96;12;8;1;3;11.67
earth-xlarge;96;12;8;1;1;43.58
earth-xlarge;96;12;8;1;2;43.12
earth-xlarge;96;12;8;1;3;43.10
earth-small;96;12;8;2000;1;10.25
earth-small;96;12;8;2000;2;9.49
earth-small;96;12;8;2000;3;9.65
earth-medium;96;12;8;2000;1;13.21
earth-medium;96;12;8;2000;2;28.57
earth-small;96;12;8;1;1;5.56
earth-small;96;12;8;1;2;1.63
earth-small;96;12;8;1;3;1.51
earth-medium;96;12;8;1;1;3.75
earth-medium;96;12;8;1;2;3.58
earth-medium;96;12;8;1;3;3.64
earth-large;96;12;8;1;1;11.58
earth-large;96;12;8;1;2;11.54
earth-large;96;12;8;1;3;11.67
earth-xlarge;96;12;8;1;1;43.58
earth-xlarge;96;12;8;1;2;43.12
earth-xlarge;96;12;8;1;3;43.10
earth-small;96;12;8;2000;1;10.25
earth-small;96;12;8;2000;2;9.49
earth-small;96;12;8;2000;3;9.65
earth-medium;96;12;8;2000;1;13.21
earth-medium;96;12;8;2000;2;28.57
earth-medium;96;12;8;2000;3;13.28
earth-small;96;12;8;1;1;5.56
earth-small;96;12;8;1;2;1.63
earth-small;96;12;8;1;3;1.51
earth-medium;96;12;8;1;1;3.75
earth-medium;96;12;8;1;2;3.58
earth-medium;96;12;8;1;3;3.64
earth-large;96;12;8;1;1;11.58
earth-large;96;12;8;1;2;11.54
earth-large;96;12;8;1;3;11.67
earth-xlarge;96;12;8;1;1;43.58
earth-xlarge;96;12;8;1;2;43.12
earth-xlarge;96;12;8;1;3;43.10
earth-small;96;12;8;2000;1;10.25
earth-small;96;12;8;2000;2;9.49
earth-small;96;12;8;2000;3;9.65
earth-medium;96;12;8;2000;1;13.21
earth-medium;96;12;8;2000;2;28.57
earth-medium;96;12;8;2000;3;13.28
earth-large;96;12;8;2000;1;62.49
earth-small;96;12;8;1;1;5.56
earth-small;96;12;8;1;2;1.63
earth-small;96;12;8;1;3;1.51
earth-medium;96;12;8;1;1;3.75
earth-medium;96;12;8;1;2;3.58
earth-medium;96;12;8;1;3;3.64
earth-large;96;12;8;1;1;11.58
earth-large;96;12;8;1;2;11.54
earth-large;96;12;8;1;3;11.67
earth-xlarge;96;12;8;1;1;43.58
earth-xlarge;96;12;8;1;2;43.12
earth-xlarge;96;12;8;1;3;43.10
earth-small;96;12;8;2000;1;10.25
earth-small;96;12;8;2000;2;9.49
earth-small;96;12;8;2000;3;9.65
earth-medium;96;12;8;2000;1;13.21
earth-medium;96;12;8;2000;2;28.57
earth-medium;96;12;8;2000;3;13.28
earth-large;96;12;8;2000;1;62.49
earth-large;96;12;8;2000;2;59.84
earth-small;96;12;8;1;1;5.56
earth-small;96;12;8;1;2;1.63
earth-small;96;12;8;1;3;1.51
earth-medium;96;12;8;1;1;3.75
earth-medium;96;12;8;1;2;3.58
earth-medium;96;12;8;1;3;3.64
earth-large;96;12;8;1;1;11.58
earth-large;96;12;8;1;2;11.54
earth-large;96;12;8;1;3;11.67
earth-xlarge;96;12;8;1;1;43.58
earth-xlarge;96;12;8;1;2;43.12
earth-xlarge;96;12;8;1;3;43.10
earth-small;96;12;8;2000;1;10.25
earth-small;96;12;8;2000;2;9.49
earth-small;96;12;8;2000;3;9.65
earth-medium;96;12;8;2000;1;13.21
earth-medium;96;12;8;2000;2;28.57
earth-medium;96;12;8;2000;3;13.28
earth-large;96;12;8;2000;1;62.49
earth-large;96;12;8;2000;2;59.84
earth-large;96;12;8;2000;3;60.71
earth-small;96;12;8;1;1;5.56
earth-small;96;12;8;1;2;1.63
earth-small;96;12;8;1;3;1.51
earth-medium;96;12;8;1;1;3.75
earth-medium;96;12;8;1;2;3.58
earth-medium;96;12;8;1;3;3.64
earth-large;96;12;8;1;1;11.58
earth-large;96;12;8;1;2;11.54
earth-large;96;12;8;1;3;11.67
earth-xlarge;96;12;8;1;1;43.58
earth-xlarge;96;12;8;1;2;43.12
earth-xlarge;96;12;8;1;3;43.10
earth-small;96;12;8;2000;1;10.25
earth-small;96;12;8;2000;2;9.49
earth-small;96;12;8;2000;3;9.65
earth-medium;96;12;8;2000;1;13.21
earth-medium;96;12;8;2000;2;28.57
earth-medium;96;12;8;2000;3;13.28
earth-large;96;12;8;2000;1;62.49
earth-large;96;12;8;2000;2;59.84
earth-large;96;12;8;2000;3;60.71
earth-xlarge;96;12;8;2000;1;248.38
earth-small;96;12;8;1;1;5.56
earth-small;96;12;8;1;2;1.63
earth-small;96;12;8;1;3;1.51
earth-medium;96;12;8;1;1;3.75
earth-medium;96;12;8;1;2;3.58
earth-medium;96;12;8;1;3;3.64
earth-large;96;12;8;1;1;11.58
earth-large;96;12;8;1;2;11.54
earth-large;96;12;8;1;3;11.67
earth-xlarge;96;12;8;1;1;43.58
earth-xlarge;96;12;8;1;2;43.12
earth-xlarge;96;12;8;1;3;43.10
earth-small;96;12;8;2000;1;10.25
earth-small;96;12;8;2000;2;9.49
earth-small;96;12;8;2000;3;9.65
earth-medium;96;12;8;2000;1;13.21
earth-medium;96;12;8;2000;2;28.57
earth-medium;96;12;8;2000;3;13.28
earth-large;96;12;8;2000;1;62.49
earth-large;96;12;8;2000;2;59.84
earth-large;96;12;8;2000;3;60.71
earth-xlarge;96;12;8;2000;1;248.38
earth-xlarge;96;12;8;2000;2;242.06
earth-small;96;12;8;1;1;5.56
earth-small;96;12;8;1;2;1.63
earth-small;96;12;8;1;3;1.51
earth-medium;96;12;8;1;1;3.75
earth-medium;96;12;8;1;2;3.58
earth-medium;96;12;8;1;3;3.64
earth-large;96;12;8;1;1;11.58
earth-large;96;12;8;1;2;11.54
earth-large;96;12;8;1;3;11.67
earth-xlarge;96;12;8;1;1;43.58
earth-xlarge;96;12;8;1;2;43.12
earth-xlarge;96;12;8;1;3;43.10
earth-small;96;12;8;2000;1;10.25
earth-small;96;12;8;2000;2;9.49
earth-small;96;12;8;2000;3;9.65
earth-medium;96;12;8;2000;1;13.21
earth-medium;96;12;8;2000;2;28.57
earth-medium;96;12;8;2000;3;13.28
earth-large;96;12;8;2000;1;62.49
earth-large;96;12;8;2000;2;59.84
earth-large;96;12;8;2000;3;60.71
earth-xlarge;96;12;8;2000;1;248.38
earth-xlarge;96;12;8;2000;2;242.06
earth-xlarge;96;12;8;2000;3;242.19
earth-small;96;1;96;1;1;4.46
earth-small;96;1;96;1;1;4.46
earth-small;96;1;96;1;2;1.55
earth-small;96;1;96;1;1;4.46
earth-small;96;1;96;1;2;1.55
earth-small;96;1;96;1;3;1.71
earth-small;96;1;96;1;1;4.46
earth-small;96;1;96;1;2;1.55
earth-small;96;1;96;1;3;1.71
earth-medium;96;1;96;1;1;3.41
earth-small;96;1;96;1;1;4.46
earth-small;96;1;96;1;2;1.55
earth-small;96;1;96;1;3;1.71
earth-medium;96;1;96;1;1;3.41
earth-medium;96;1;96;1;2;3.61
earth-small;96;1;96;1;1;4.46
earth-small;96;1;96;1;2;1.55
earth-small;96;1;96;1;3;1.71
earth-medium;96;1;96;1;1;3.41
earth-medium;96;1;96;1;2;3.61
earth-medium;96;1;96;1;3;3.76
earth-small;96;1;96;1;1;4.46
earth-small;96;1;96;1;2;1.55
earth-small;96;1;96;1;3;1.71
earth-medium;96;1;96;1;1;3.41
earth-medium;96;1;96;1;2;3.61
earth-medium;96;1;96;1;3;3.76
earth-large;96;1;96;1;1;11.49
earth-small;96;1;96;1;1;4.46
earth-small;96;1;96;1;2;1.55
earth-small;96;1;96;1;3;1.71
earth-medium;96;1;96;1;1;3.41
earth-medium;96;1;96;1;2;3.61
earth-medium;96;1;96;1;3;3.76
earth-large;96;1;96;1;1;11.49
earth-large;96;1;96;1;2;11.69
earth-small;96;1;96;1;1;4.46
earth-small;96;1;96;1;2;1.55
earth-small;96;1;96;1;3;1.71
earth-medium;96;1;96;1;1;3.41
earth-medium;96;1;96;1;2;3.61
earth-medium;96;1;96;1;3;3.76
earth-large;96;1;96;1;1;11.49
earth-large;96;1;96;1;2;11.69
earth-large;96;1;96;1;3;11.65
earth-small;96;1;96;1;1;4.46
earth-small;96;1;96;1;2;1.55
earth-small;96;1;96;1;3;1.71
earth-medium;96;1;96;1;1;3.41
earth-medium;96;1;96;1;2;3.61
earth-medium;96;1;96;1;3;3.76
earth-large;96;1;96;1;1;11.49
earth-large;96;1;96;1;2;11.69
earth-large;96;1;96;1;3;11.65
earth-xlarge;96;1;96;1;1;44.27
earth-small;96;1;96;1;1;4.46
earth-small;96;1;96;1;2;1.55
earth-small;96;1;96;1;3;1.71
earth-medium;96;1;96;1;1;3.41
earth-medium;96;1;96;1;2;3.61
earth-medium;96;1;96;1;3;3.76
earth-large;96;1;96;1;1;11.49
earth-large;96;1;96;1;2;11.69
earth-large;96;1;96;1;3;11.65
earth-xlarge;96;1;96;1;1;44.27
earth-xlarge;96;1;96;1;2;44.23
earth-small;96;1;96;1;1;4.46
earth-small;96;1;96;1;2;1.55
earth-small;96;1;96;1;3;1.71
earth-medium;96;1;96;1;1;3.41
earth-medium;96;1;96;1;2;3.61
earth-medium;96;1;96;1;3;3.76
earth-large;96;1;96;1;1;11.49
earth-large;96;1;96;1;2;11.69
earth-large;96;1;96;1;3;11.65
earth-xlarge;96;1;96;1;1;44.27
earth-xlarge;96;1;96;1;2;44.23
earth-xlarge;96;1;96;1;3;44.31
earth-small;96;1;96;1;1;4.46
earth-small;96;1;96;1;2;1.55
earth-small;96;1;96;1;3;1.71
earth-medium;96;1;96;1;1;3.41
earth-medium;96;1;96;1;2;3.61
earth-medium;96;1;96;1;3;3.76
earth-large;96;1;96;1;1;11.49
earth-large;96;1;96;1;2;11.69
earth-large;96;1;96;1;3;11.65
earth-xlarge;96;1;96;1;1;44.27
earth-xlarge;96;1;96;1;2;44.23
earth-xlarge;96;1;96;1;3;44.31
earth-small;96;1;96;2000;1;9.86
earth-small;96;1;96;1;1;4.46
earth-small;96;1;96;1;2;1.55
earth-small;96;1;96;1;3;1.71
earth-medium;96;1;96;1;1;3.41
earth-medium;96;1;96;1;2;3.61
earth-medium;96;1;96;1;3;3.76
earth-large;96;1;96;1;1;11.49
earth-large;96;1;96;1;2;11.69
earth-large;96;1;96;1;3;11.65
earth-xlarge;96;1;96;1;1;44.27
earth-xlarge;96;1;96;1;2;44.23
earth-xlarge;96;1;96;1;3;44.31
earth-small;96;1;96;2000;1;9.86
earth-small;96;1;96;2000;2;9.94
earth-small;96;1;96;1;1;4.46
earth-small;96;1;96;1;2;1.55
earth-small;96;1;96;1;3;1.71
earth-medium;96;1;96;1;1;3.41
earth-medium;96;1;96;1;2;3.61
earth-medium;96;1;96;1;3;3.76
earth-large;96;1;96;1;1;11.49
earth-large;96;1;96;1;2;11.69
earth-large;96;1;96;1;3;11.65
earth-xlarge;96;1;96;1;1;44.27
earth-xlarge;96;1;96;1;2;44.23
earth-xlarge;96;1;96;1;3;44.31
earth-small;96;1;96;2000;1;9.86
earth-small;96;1;96;2000;2;9.94
earth-small;96;1;96;2000;3;22.27
earth-small;96;1;96;1;1;4.46
earth-small;96;1;96;1;2;1.55
earth-small;96;1;96;1;3;1.71
earth-medium;96;1;96;1;1;3.41
earth-medium;96;1;96;1;2;3.61
earth-medium;96;1;96;1;3;3.76
earth-large;96;1;96;1;1;11.49
earth-large;96;1;96;1;2;11.69
earth-large;96;1;96;1;3;11.65
earth-xlarge;96;1;96;1;1;44.27
earth-xlarge;96;1;96;1;2;44.23
earth-xlarge;96;1;96;1;3;44.31
earth-small;96;1;96;2000;1;9.86
earth-small;96;1;96;2000;2;9.94
earth-small;96;1;96;2000;3;22.27
earth-medium;96;1;96;2000;1;18.22
earth-small;96;1;96;1;1;4.46
earth-small;96;1;96;1;2;1.55
earth-small;96;1;96;1;3;1.71
earth-medium;96;1;96;1;1;3.41
earth-medium;96;1;96;1;2;3.61
earth-medium;96;1;96;1;3;3.76
earth-large;96;1;96;1;1;11.49
earth-large;96;1;96;1;2;11.69
earth-large;96;1;96;1;3;11.65
earth-xlarge;96;1;96;1;1;44.27
earth-xlarge;96;1;96;1;2;44.23
earth-xlarge;96;1;96;1;3;44.31
earth-small;96;1;96;2000;1;9.86
earth-small;96;1;96;2000;2;9.94
earth-small;96;1;96;2000;3;22.27
earth-medium;96;1;96;2000;1;18.22
earth-medium;96;1;96;2000;2;18.88
earth-small;96;1;96;1;1;4.46
earth-small;96;1;96;1;2;1.55
earth-small;96;1;96;1;3;1.71
earth-medium;96;1;96;1;1;3.41
earth-medium;96;1;96;1;2;3.61
earth-medium;96;1;96;1;3;3.76
earth-large;96;1;96;1;1;11.49
earth-large;96;1;96;1;2;11.69
earth-large;96;1;96;1;3;11.65
earth-xlarge;96;1;96;1;1;44.27
earth-xlarge;96;1;96;1;2;44.23
earth-xlarge;96;1;96;1;3;44.31
earth-small;96;1;96;2000;1;9.86
earth-small;96;1;96;2000;2;9.94
earth-small;96;1;96;2000;3;22.27
earth-medium;96;1;96;2000;1;18.22
earth-medium;96;1;96;2000;2;18.88
earth-medium;96;1;96;2000;3;19.15
earth-small;96;1;96;1;1;4.46
earth-small;96;1;96;1;2;1.55
earth-small;96;1;96;1;3;1.71
earth-medium;96;1;96;1;1;3.41
earth-medium;96;1;96;1;2;3.61
earth-medium;96;1;96;1;3;3.76
earth-large;96;1;96;1;1;11.49
earth-large;96;1;96;1;2;11.69
earth-large;96;1;96;1;3;11.65
earth-xlarge;96;1;96;1;1;44.27
earth-xlarge;96;1;96;1;2;44.23
earth-xlarge;96;1;96;1;3;44.31
earth-small;96;1;96;2000;1;9.86
earth-small;96;1;96;2000;2;9.94
earth-small;96;1;96;2000;3;22.27
earth-medium;96;1;96;2000;1;18.22
earth-medium;96;1;96;2000;2;18.88
earth-medium;96;1;96;2000;3;19.15
earth-large;96;1;96;2000;1;68.98
earth-small;96;1;96;1;1;4.46
earth-small;96;1;96;1;2;1.55
earth-small;96;1;96;1;3;1.71
earth-medium;96;1;96;1;1;3.41
earth-medium;96;1;96;1;2;3.61
earth-medium;96;1;96;1;3;3.76
earth-large;96;1;96;1;1;11.49
earth-large;96;1;96;1;2;11.69
earth-large;96;1;96;1;3;11.65
earth-xlarge;96;1;96;1;1;44.27
earth-xlarge;96;1;96;1;2;44.23
earth-xlarge;96;1;96;1;3;44.31
earth-small;96;1;96;2000;1;9.86
earth-small;96;1;96;2000;2;9.94
earth-small;96;1;96;2000;3;22.27
earth-medium;96;1;96;2000;1;18.22
earth-medium;96;1;96;2000;2;18.88
earth-medium;96;1;96;2000;3;19.15
earth-large;96;1;96;2000;1;68.98
earth-large;96;1;96;2000;2;67.12
earth-small;96;1;96;1;1;4.46
earth-small;96;1;96;1;2;1.55
earth-small;96;1;96;1;3;1.71
earth-medium;96;1;96;1;1;3.41
earth-medium;96;1;96;1;2;3.61
earth-medium;96;1;96;1;3;3.76
earth-large;96;1;96;1;1;11.49
earth-large;96;1;96;1;2;11.69
earth-large;96;1;96;1;3;11.65
earth-xlarge;96;1;96;1;1;44.27
earth-xlarge;96;1;96;1;2;44.23
earth-xlarge;96;1;96;1;3;44.31
earth-small;96;1;96;2000;1;9.86
earth-small;96;1;96;2000;2;9.94
earth-small;96;1;96;2000;3;22.27
earth-medium;96;1;96;2000;1;18.22
earth-medium;96;1;96;2000;2;18.88
earth-medium;96;1;96;2000;3;19.15
earth-large;96;1;96;2000;1;68.98
earth-large;96;1;96;2000;2;67.12
earth-large;96;1;96;2000;3;86.56
earth-small;96;1;96;1;1;4.46
earth-small;96;1;96;1;2;1.55
earth-small;96;1;96;1;3;1.71
earth-medium;96;1;96;1;1;3.41
earth-medium;96;1;96;1;2;3.61
earth-medium;96;1;96;1;3;3.76
earth-large;96;1;96;1;1;11.49
earth-large;96;1;96;1;2;11.69
earth-large;96;1;96;1;3;11.65
earth-xlarge;96;1;96;1;1;44.27
earth-xlarge;96;1;96;1;2;44.23
earth-xlarge;96;1;96;1;3;44.31
earth-small;96;1;96;2000;1;9.86
earth-small;96;1;96;2000;2;9.94
earth-small;96;1;96;2000;3;22.27
earth-medium;96;1;96;2000;1;18.22
earth-medium;96;1;96;2000;2;18.88
earth-medium;96;1;96;2000;3;19.15
earth-large;96;1;96;2000;1;68.98
earth-large;96;1;96;2000;2;67.12
earth-large;96;1;96;2000;3;86.56
earth-xlarge;96;1;96;2000;1;253.35
earth-small;96;1;96;1;1;4.46
earth-small;96;1;96;1;2;1.55
earth-small;96;1;96;1;3;1.71
earth-medium;96;1;96;1;1;3.41
earth-medium;96;1;96;1;2;3.61
earth-medium;96;1;96;1;3;3.76
earth-large;96;1;96;1;1;11.49
earth-large;96;1;96;1;2;11.69
earth-large;96;1;96;1;3;11.65
earth-xlarge;96;1;96;1;1;44.27
earth-xlarge;96;1;96;1;2;44.23
earth-xlarge;96;1;96;1;3;44.31
earth-small;96;1;96;2000;1;9.86
earth-small;96;1;96;2000;2;9.94
earth-small;96;1;96;2000;3;22.27
earth-medium;96;1;96;2000;1;18.22
earth-medium;96;1;96;2000;2;18.88
earth-medium;96;1;96;2000;3;19.15
earth-large;96;1;96;2000;1;68.98
earth-large;96;1;96;2000;2;67.12
earth-large;96;1;96;2000;3;86.56
earth-xlarge;96;1;96;2000;1;253.35
earth-xlarge;96;1;96;2000;2;251.63
earth-small;96;1;96;1;1;4.46
earth-small;96;1;96;1;2;1.55
earth-small;96;1;96;1;3;1.71
earth-medium;96;1;96;1;1;3.41
earth-medium;96;1;96;1;2;3.61
earth-medium;96;1;96;1;3;3.76
earth-large;96;1;96;1;1;11.49
earth-large;96;1;96;1;2;11.69
earth-large;96;1;96;1;3;11.65
earth-xlarge;96;1;96;1;1;44.27
earth-xlarge;96;1;96;1;2;44.23
earth-xlarge;96;1;96;1;3;44.31
earth-small;96;1;96;2000;1;9.86
earth-small;96;1;96;2000;2;9.94
earth-small;96;1;96;2000;3;22.27
earth-medium;96;1;96;2000;1;18.22
earth-medium;96;1;96;2000;2;18.88
earth-medium;96;1;96;2000;3;19.15
earth-large;96;1;96;2000;1;68.98
earth-large;96;1;96;2000;2;67.12
earth-large;96;1;96;2000;3;86.56
earth-xlarge;96;1;96;2000;1;253.35
earth-xlarge;96;1;96;2000;2;251.63
earth-xlarge;96;1;96;2000;3;254.48
earth-small;96;96;1;1;1;1.71
earth-small;96;96;1;1;1;1.71
earth-small;96;96;1;1;2;1.82
earth-small;96;96;1;1;1;1.71
earth-small;96;96;1;1;2;1.82
earth-small;96;96;1;1;3;1.73
earth-small;96;96;1;1;1;1.71
earth-small;96;96;1;1;2;1.82
earth-small;96;96;1;1;3;1.73
earth-medium;96;96;1;1;1;3.85
earth-small;96;96;1;1;1;1.71
earth-small;96;96;1;1;2;1.82
earth-small;96;96;1;1;3;1.73
earth-medium;96;96;1;1;1;3.85
earth-medium;96;96;1;1;2;3.65
earth-small;96;96;1;1;1;1.71
earth-small;96;96;1;1;2;1.82
earth-small;96;96;1;1;3;1.73
earth-medium;96;96;1;1;1;3.85
earth-medium;96;96;1;1;2;3.65
earth-medium;96;96;1;1;3;3.98
earth-small;96;96;1;1;1;1.71
earth-small;96;96;1;1;2;1.82
earth-small;96;96;1;1;3;1.73
earth-medium;96;96;1;1;1;3.85
earth-medium;96;96;1;1;2;3.65
earth-medium;96;96;1;1;3;3.98
earth-large;96;96;1;1;1;11.59
earth-small;96;96;1;1;1;1.71
earth-small;96;96;1;1;2;1.82
earth-small;96;96;1;1;3;1.73
earth-medium;96;96;1;1;1;3.85
earth-medium;96;96;1;1;2;3.65
earth-medium;96;96;1;1;3;3.98
earth-large;96;96;1;1;1;11.59
earth-large;96;96;1;1;2;11.64
earth-small;96;96;1;1;1;1.71
earth-small;96;96;1;1;2;1.82
earth-small;96;96;1;1;3;1.73
earth-medium;96;96;1;1;1;3.85
earth-medium;96;96;1;1;2;3.65
earth-medium;96;96;1;1;3;3.98
earth-large;96;96;1;1;1;11.59
earth-large;96;96;1;1;2;11.64
earth-large;96;96;1;1;3;11.72
earth-small;96;96;1;1;1;1.71
earth-small;96;96;1;1;2;1.82
earth-small;96;96;1;1;3;1.73
earth-medium;96;96;1;1;1;3.85
earth-medium;96;96;1;1;2;3.65
earth-medium;96;96;1;1;3;3.98
earth-large;96;96;1;1;1;11.59
earth-large;96;96;1;1;2;11.64
earth-large;96;96;1;1;3;11.72
earth-xlarge;96;96;1;1;1;43.45
earth-small;96;96;1;1;1;1.71
earth-small;96;96;1;1;2;1.82
earth-small;96;96;1;1;3;1.73
earth-medium;96;96;1;1;1;3.85
earth-medium;96;96;1;1;2;3.65
earth-medium;96;96;1;1;3;3.98
earth-large;96;96;1;1;1;11.59
earth-large;96;96;1;1;2;11.64
earth-large;96;96;1;1;3;11.72
earth-xlarge;96;96;1;1;1;43.45
earth-xlarge;96;96;1;1;2;43.33
earth-small;96;96;1;1;1;1.71
earth-small;96;96;1;1;2;1.82
earth-small;96;96;1;1;3;1.73
earth-medium;96;96;1;1;1;3.85
earth-medium;96;96;1;1;2;3.65
earth-medium;96;96;1;1;3;3.98
earth-large;96;96;1;1;1;11.59
earth-large;96;96;1;1;2;11.64
earth-large;96;96;1;1;3;11.72
earth-xlarge;96;96;1;1;1;43.45
earth-xlarge;96;96;1;1;2;43.33
earth-xlarge;96;96;1;1;3;43.36
earth-small;96;96;1;1;1;1.71
earth-small;96;96;1;1;2;1.82
earth-small;96;96;1;1;3;1.73
earth-medium;96;96;1;1;1;3.85
earth-medium;96;96;1;1;2;3.65
earth-medium;96;96;1;1;3;3.98
earth-large;96;96;1;1;1;11.59
earth-large;96;96;1;1;2;11.64
earth-large;96;96;1;1;3;11.72
earth-xlarge;96;96;1;1;1;43.45
earth-xlarge;96;96;1;1;2;43.33
earth-xlarge;96;96;1;1;3;43.36
earth-small;96;96;1;2000;1;15.78
earth-small;96;96;1;1;1;1.71
earth-small;96;96;1;1;2;1.82
earth-small;96;96;1;1;3;1.73
earth-medium;96;96;1;1;1;3.85
earth-medium;96;96;1;1;2;3.65
earth-medium;96;96;1;1;3;3.98
earth-large;96;96;1;1;1;11.59
earth-large;96;96;1;1;2;11.64
earth-large;96;96;1;1;3;11.72
earth-xlarge;96;96;1;1;1;43.45
earth-xlarge;96;96;1;1;2;43.33
earth-xlarge;96;96;1;1;3;43.36
earth-small;96;96;1;2000;1;15.78
earth-small;96;96;1;2000;2;8.98
earth-small;96;96;1;1;1;1.71
earth-small;96;96;1;1;2;1.82
earth-small;96;96;1;1;3;1.73
earth-medium;96;96;1;1;1;3.85
earth-medium;96;96;1;1;2;3.65
earth-medium;96;96;1;1;3;3.98
earth-large;96;96;1;1;1;11.59
earth-large;96;96;1;1;2;11.64
earth-large;96;96;1;1;3;11.72
earth-xlarge;96;96;1;1;1;43.45
earth-xlarge;96;96;1;1;2;43.33
earth-xlarge;96;96;1;1;3;43.36
earth-small;96;96;1;2000;1;15.78
earth-small;96;96;1;2000;2;8.98
earth-small;96;96;1;2000;3;9.41
earth-small;96;96;1;1;1;1.71
earth-small;96;96;1;1;2;1.82
earth-small;96;96;1;1;3;1.73
earth-medium;96;96;1;1;1;3.85
earth-medium;96;96;1;1;2;3.65
earth-medium;96;96;1;1;3;3.98
earth-large;96;96;1;1;1;11.59
earth-large;96;96;1;1;2;11.64
earth-large;96;96;1;1;3;11.72
earth-xlarge;96;96;1;1;1;43.45
earth-xlarge;96;96;1;1;2;43.33
earth-xlarge;96;96;1;1;3;43.36
earth-small;96;96;1;2000;1;15.78
earth-small;96;96;1;2000;2;8.98
earth-small;96;96;1;2000;3;9.41
earth-medium;96;96;1;2000;1;21.84
earth-small;96;96;1;1;1;1.71
earth-small;96;96;1;1;2;1.82
earth-small;96;96;1;1;3;1.73
earth-medium;96;96;1;1;1;3.85
earth-medium;96;96;1;1;2;3.65
earth-medium;96;96;1;1;3;3.98
earth-large;96;96;1;1;1;11.59
earth-large;96;96;1;1;2;11.64
earth-large;96;96;1;1;3;11.72
earth-xlarge;96;96;1;1;1;43.45
earth-xlarge;96;96;1;1;2;43.33
earth-xlarge;96;96;1;1;3;43.36
earth-small;96;96;1;2000;1;15.78
earth-small;96;96;1;2000;2;8.98
earth-small;96;96;1;2000;3;9.41
earth-medium;96;96;1;2000;1;21.84
earth-medium;96;96;1;2000;2;24.67
earth-small;96;96;1;1;1;1.71
earth-small;96;96;1;1;2;1.82
earth-small;96;96;1;1;3;1.73
earth-medium;96;96;1;1;1;3.85
earth-medium;96;96;1;1;2;3.65
earth-medium;96;96;1;1;3;3.98
earth-large;96;96;1;1;1;11.59
earth-large;96;96;1;1;2;11.64
earth-large;96;96;1;1;3;11.72
earth-xlarge;96;96;1;1;1;43.45
earth-xlarge;96;96;1;1;2;43.33
earth-xlarge;96;96;1;1;3;43.36
earth-small;96;96;1;2000;1;15.78
earth-small;96;96;1;2000;2;8.98
earth-small;96;96;1;2000;3;9.41
earth-medium;96;96;1;2000;1;21.84
earth-medium;96;96;1;2000;2;24.67
earth-medium;96;96;1;2000;3;21.87
earth-small;96;96;1;1;1;1.71
earth-small;96;96;1;1;2;1.82
earth-small;96;96;1;1;3;1.73
earth-medium;96;96;1;1;1;3.85
earth-medium;96;96;1;1;2;3.65
earth-medium;96;96;1;1;3;3.98
earth-large;96;96;1;1;1;11.59
earth-large;96;96;1;1;2;11.64
earth-large;96;96;1;1;3;11.72
earth-xlarge;96;96;1;1;1;43.45
earth-xlarge;96;96;1;1;2;43.33
earth-xlarge;96;96;1;1;3;43.36
earth-small;96;96;1;2000;1;15.78
earth-small;96;96;1;2000;2;8.98
earth-small;96;96;1;2000;3;9.41
earth-medium;96;96;1;2000;1;21.84
earth-medium;96;96;1;2000;2;24.67
earth-medium;96;96;1;2000;3;21.87
earth-large;96;96;1;2000;1;60.01
earth-small;96;96;1;1;1;1.71
earth-small;96;96;1;1;2;1.82
earth-small;96;96;1;1;3;1.73
earth-medium;96;96;1;1;1;3.85
earth-medium;96;96;1;1;2;3.65
earth-medium;96;96;1;1;3;3.98
earth-large;96;96;1;1;1;11.59
earth-large;96;96;1;1;2;11.64
earth-large;96;96;1;1;3;11.72
earth-xlarge;96;96;1;1;1;43.45
earth-xlarge;96;96;1;1;2;43.33
earth-xlarge;96;96;1;1;3;43.36
earth-small;96;96;1;2000;1;15.78
earth-small;96;96;1;2000;2;8.98
earth-small;96;96;1;2000;3;9.41
earth-medium;96;96;1;2000;1;21.84
earth-medium;96;96;1;2000;2;24.67
earth-medium;96;96;1;2000;3;21.87
earth-large;96;96;1;2000;1;60.01
earth-large;96;96;1;2000;2;59.74
earth-small;96;96;1;1;1;1.71
earth-small;96;96;1;1;2;1.82
earth-small;96;96;1;1;3;1.73
earth-medium;96;96;1;1;1;3.85
earth-medium;96;96;1;1;2;3.65
earth-medium;96;96;1;1;3;3.98
earth-large;96;96;1;1;1;11.59
earth-large;96;96;1;1;2;11.64
earth-large;96;96;1;1;3;11.72
earth-xlarge;96;96;1;1;1;43.45
earth-xlarge;96;96;1;1;2;43.33
earth-xlarge;96;96;1;1;3;43.36
earth-small;96;96;1;2000;1;15.78
earth-small;96;96;1;2000;2;8.98
earth-small;96;96;1;2000;3;9.41
earth-medium;96;96;1;2000;1;21.84
earth-medium;96;96;1;2000;2;24.67
earth-medium;96;96;1;2000;3;21.87
earth-large;96;96;1;2000;1;60.01
earth-large;96;96;1;2000;2;59.74
earth-large;96;96;1;2000;3;61.67
earth-small;96;96;1;1;1;1.71
earth-small;96;96;1;1;2;1.82
earth-small;96;96;1;1;3;1.73
earth-medium;96;96;1;1;1;3.85
earth-medium;96;96;1;1;2;3.65
earth-medium;96;96;1;1;3;3.98
earth-large;96;96;1;1;1;11.59
earth-large;96;96;1;1;2;11.64
earth-large;96;96;1;1;3;11.72
earth-xlarge;96;96;1;1;1;43.45
earth-xlarge;96;96;1;1;2;43.33
earth-xlarge;96;96;1;1;3;43.36
earth-small;96;96;1;2000;1;15.78
earth-small;96;96;1;2000;2;8.98
earth-small;96;96;1;2000;3;9.41
earth-medium;96;96;1;2000;1;21.84
earth-medium;96;96;1;2000;2;24.67
earth-medium;96;96;1;2000;3;21.87
earth-large;96;96;1;2000;1;60.01
earth-large;96;96;1;2000;2;59.74
earth-large;96;96;1;2000;3;61.67
earth-xlarge;96;96;1;2000;1;292.98
earth-small;96;96;1;1;1;1.71
earth-small;96;96;1;1;2;1.82
earth-small;96;96;1;1;3;1.73
earth-medium;96;96;1;1;1;3.85
earth-medium;96;96;1;1;2;3.65
earth-medium;96;96;1;1;3;3.98
earth-large;96;96;1;1;1;11.59
earth-large;96;96;1;1;2;11.64
earth-large;96;96;1;1;3;11.72
earth-xlarge;96;96;1;1;1;43.45
earth-xlarge;96;96;1;1;2;43.33
earth-xlarge;96;96;1;1;3;43.36
earth-small;96;96;1;2000;1;15.78
earth-small;96;96;1;2000;2;8.98
earth-small;96;96;1;2000;3;9.41
earth-medium;96;96;1;2000;1;21.84
earth-medium;96;96;1;2000;2;24.67
earth-medium;96;96;1;2000;3;21.87
earth-large;96;96;1;2000;1;60.01
earth-large;96;96;1;2000;2;59.74
earth-large;96;96;1;2000;3;61.67
earth-xlarge;96;96;1;2000;1;292.98
earth-xlarge;96;96;1;2000;2;293.56
earth-small;96;96;1;1;1;1.71
earth-small;96;96;1;1;2;1.82
earth-small;96;96;1;1;3;1.73
earth-medium;96;96;1;1;1;3.85
earth-medium;96;96;1;1;2;3.65
earth-medium;96;96;1;1;3;3.98
earth-large;96;96;1;1;1;11.59
earth-large;96;96;1;1;2;11.64
earth-large;96;96;1;1;3;11.72
earth-xlarge;96;96;1;1;1;43.45
earth-xlarge;96;96;1;1;2;43.33
earth-xlarge;96;96;1;1;3;43.36
earth-small;96;96;1;2000;1;15.78
earth-small;96;96;1;2000;2;8.98
earth-small;96;96;1;2000;3;9.41
earth-medium;96;96;1;2000;1;21.84
earth-medium;96;96;1;2000;2;24.67
earth-medium;96;96;1;2000;3;21.87
earth-large;96;96;1;2000;1;60.01
earth-large;96;96;1;2000;2;59.74
earth-large;96;96;1;2000;3;61.67
earth-xlarge;96;96;1;2000;1;292.98
earth-xlarge;96;96;1;2000;2;293.56
earth-xlarge;96;96;1;2000;3;293.03
